name,epoch,loss,acc,val_loss,val_acc
push-up_0.6_dropout-binary-pose-2020-10-31T17_53_36.850578.txt,100,0.39394999999999997,0.8207899999999999,0.28237999999999996,0.8835099999999999
