name,epoch,loss,acc,val_loss,val_acc
sit-up_250_epoch_100_batch_size-binary-pose-2020-11-14T14_17_09.834828.txt,250,0.00549,0.9989000000000001,0.0042499999999999994,0.9993000000000001
