name,epoch,loss,acc,val_loss,val_acc
sit-up_150_epoch_100_batch_size_2x30-binary-pose-2020-11-14T13_45_38.643098.txt,150,0.004999999999999999,0.9990600000000001,0.0038500000000000006,0.9992000000000001
