name,epoch,loss,acc,val_loss,val_acc
plank_0.2_dropout-binary-pose-2020-10-31T17_55_47.692359.txt,100,0.09651000000000001,0.9675900000000001,0.018060000000000003,0.99818
