name,epoch,loss,acc,val_loss,val_acc
sit-up_100_epoch_50_batch_size-binary-pose-2020-11-14T13_36_35.802832.txt,100,0.00633,0.99878,0.004690000000000001,0.9991000000000001
