name,epoch,loss,acc,val_loss,val_acc
push-up_250_epoch_25_batch_size-binary-pose-2020-11-14T15_23_47.667578.txt,250,0.03624,0.9895400000000001,0.05726000000000001,0.978
