name,epoch,loss,acc,val_loss,val_acc
sit-up_200_epoch_100_batch_size-binary-pose-2020-11-14T13_59_06.895597.txt,200,0.00592,0.9990400000000002,0.0046500000000000005,0.9992000000000001
