name,epoch,loss,acc,val_loss,val_acc
sit-up_250_epoch_50_batch_size-binary-pose-2020-11-14T14_17_09.823391.txt,250,0.0039700000000000004,0.99915,0.0036779399999999998,0.9992000000000001
