name,epoch,loss,acc,val_loss,val_acc
sit-up_0.4_dropout-binary-pose-2020-10-31T17_51_10.296960.txt,100,0.07646,0.97195,0.0019699999999999995,1.0
