exercise name,epoch,batch_size,dropout,seconds_to_finish,k-fold 1,k-fold 1 time,k-fold 2,k-fold 2 time,k-fold 3,k-fold 3 time,k-fold 4,k-fold 4 time,k-fold 5,k-fold 5 time,avg
initial pose detector,250,25,0.2,157.39881038665771,99.82,32.24903702735901,99.82,31.638280153274536,82.95,31.611491918563843,100.00,30.20956301689148,100.00,30.85271692276001,96.52
