exercise name,epoch,batch_size,dropout,seconds_to_finish,k-fold 1,k-fold 1 time,k-fold 2,k-fold 2 time,k-fold 3,k-fold 3 time,k-fold 4,k-fold 4 time,k-fold 5,k-fold 5 time,avg
initial pose detector,250,50,0.2,87.50972628593445,99.82,17.971795797348022,99.82,16.517737865447998,99.82,17.054315328598022,100.00,17.530396223068237,100.00,17.75747537612915,99.89
