name,epoch,loss,acc,val_loss,val_acc
squat_200_epoch_50_batch_size-binary-pose-2020-11-14T16_13_17.511830.txt,200,0.025960000000000004,0.9915700000000001,0.02383,0.9919400000000002
