name,epoch,loss,acc,val_loss,val_acc
push-up_200_epoch_25_batch_size_2x30-binary-pose-2020-11-14T15_04_28.872974.txt,200,0.02515,0.9922100000000003,0.025759999999999998,0.9920200000000001
