name,epoch,loss,acc,val_loss,val_acc
plank_0.4_dropout-binary-pose-2020-10-31T17_55_47.697761.txt,100,0.17331999999999997,0.9350799999999999,0.06052,0.9927399999999998
