name,epoch,loss,acc,val_loss,val_acc
push-up_200_epoch_50_batch_size_2x30-binary-pose-2020-11-14T15_04_28.888932.txt,200,0.0311,0.99108,0.034100000000000005,0.9909000000000001
