name,epoch,loss,acc,val_loss,val_acc
squat_250_epoch_50_batch_size-binary-pose-2020-11-14T16_32_54.967431.txt,250,0.02492,0.9918199999999999,0.023689999999999996,0.99149
