name,epoch,loss,acc,val_loss,val_acc
sit-up_150_epoch_100_batch_size-binary-pose-2020-11-14T13_45_38.636661.txt,150,0.007009999999999998,0.9986900000000001,0.00481,0.9992000000000001
