metric,squat,push_up,sit_up
avg_frame_count,66.88888888888889,26.076,71.3
avg_fps,29.0,30.0,30.0
avg_duration,2.306513409961687,0.869200000000002,2.376666666666668
