name,epoch,loss,acc,val_loss,val_acc
sit-up_100_epoch_50_batch_size_2x30-binary-pose-2020-11-14T13_36_35.809092.txt,100,0.004359999999999999,0.99918,0.004155219999999999,0.9992000000000001
