name,epoch,loss,acc,val_loss,val_acc
plank_0.6_dropout-binary-pose-2020-10-31T17_55_47.712967.txt,100,0.29091999999999996,0.8768900000000001,0.18858000000000003,0.9328899999999999
