name,epoch,loss,acc,val_loss,val_acc
push-up_150_epoch_50_batch_size-binary-pose-2020-11-14T14_49_43.831578.txt,150,0.06577999999999999,0.98026,0.05794000000000001,0.9818200000000001
