name,epoch,loss,acc,val_loss,val_acc
sit-up_100_epoch_100_batch_size-binary-pose-2020-11-14T13_36_35.814888.txt,100,0.00941,0.99813,0.006210000000000001,0.999
