name,epoch,loss,acc,val_loss,val_acc
push-up_250_epoch_100_batch_size_2x30-binary-pose-2020-11-14T15_23_47.698885.txt,250,0.03704,0.9888999999999999,0.6598899999999999,0.92376
