name,epoch,loss,acc,val_loss,val_acc
sit-up_200_epoch_25_batch_size-binary-pose-2020-11-14T13_59_06.877109.txt,200,0.0037400000000000003,0.9992199999999999,0.003591379,0.9993000000000001
