name,epoch,loss,acc,val_loss,val_acc
push-up_150_epoch_100_batch_size-binary-pose-2020-11-14T14_49_43.845308.txt,150,0.12741000000000002,0.9589699999999999,0.11659,0.9631700000000001
