name,epoch,loss,acc,val_loss,val_acc
squat_250_epoch_25_batch_size_2x30-binary-pose-2020-11-14T16_32_54.961889.txt,250,0.01806,0.9934800000000001,0.019690000000000003,0.99201
