name,epoch,loss,acc,val_loss,val_acc
sit-up_200_epoch_50_batch_size_2x30-binary-pose-2020-11-14T13_59_06.891038.txt,200,0.0035900000000000003,0.9991900000000001,0.004166311,0.9993000000000001
