name,epoch,loss,acc,val_loss,val_acc
push-up_100_epoch_50_batch_size-binary-pose-2020-11-14T14_39_36.341276.txt,100,0.09735,0.96974,0.09267,0.9690900000000001
