name,epoch,loss,acc,val_loss,val_acc
intital starting pose-2020-10-21T21_43_52.516560.txt,200,0.14157999999999998,0.9482399999999999,0.08674000000000001,0.9663
