name,epoch,loss,acc,val_loss,val_acc
sit-up_250_epoch_25_batch_size_2x30-binary-pose-2020-11-14T14_17_09.817218.txt,250,0.0027199999999999998,0.9993999999999998,0.004316301,0.9991
