name,epoch,loss,acc,val_loss,val_acc
sit-up_200_epoch_25_batch_size_2x30-binary-pose-2020-11-14T13_59_06.882626.txt,200,0.00287,0.9993199999999998,0.004133657000000001,0.9992000000000001
