name,epoch,loss,acc,val_loss,val_acc
push-up_100_epoch_100_batch_size_2x30-binary-pose-2020-11-14T14_39_36.361349.txt,100,0.08286,0.9754599999999998,0.08801999999999999,0.9715299999999999
