name,epoch,loss,acc,val_loss,val_acc
sit-up_250_epoch_50_batch_size_2x30-binary-pose-2020-11-14T14_17_09.828181.txt,250,0.00321,0.9993000000000001,0.0045143,0.9991
