name,epoch,loss,acc,val_loss,val_acc
sit-up_250_epoch_100_batch_size_2x30-binary-pose-2020-11-14T14_17_09.840104.txt,250,0.00392,0.9992399999999998,0.0035584329999999997,0.9992000000000001
