name,epoch,loss,acc,val_loss,val_acc
push-up_100_epoch_25_batch_size_2x30-binary-pose-2020-11-14T14_39_36.336333.txt,100,0.035699999999999996,0.9890800000000001,0.039150000000000004,0.9886800000000001
