name,epoch,loss,acc,val_loss,val_acc
sit-up_250_epoch_25_batch_size-binary-pose-2020-11-14T14_17_09.812025.txt,250,0.0033399999999999992,0.99928,0.004052124999999999,0.9993000000000001
