name,epoch,loss,acc,val_loss,val_acc
sit-up_150_epoch_25_batch_size-binary-pose-2020-11-14T13_45_38.613129.txt,150,0.00352,0.9992699999999999,0.004306120000000001,0.9992000000000001
