name,epoch,loss,acc,val_loss,val_acc
right hand up-2020-10-30T20_27_24.413892.txt,25,0.22715000000000002,0.9119300000000001,0.12397,0.96445
