name,epoch,loss,acc,val_loss,val_acc
push-up_100_epoch_100_batch_size-binary-pose-2020-11-14T14_39_36.353203.txt,100,0.17356,0.9404300000000001,0.17115,0.93746
