name,epoch,loss,acc,val_loss,val_acc
squat_250_epoch_100_batch_size-binary-pose-2020-11-14T16_32_54.978879.txt,250,0.027800000000000002,0.99128,0.025039999999999996,0.9916600000000001
