name,epoch,loss,acc,val_loss,val_acc
push-up_250_epoch_25_batch_size_2x30-binary-pose-2020-11-14T15_23_47.672586.txt,250,0.021310000000000003,0.99339,0.14881000000000003,0.9788399999999999
