name,epoch,loss,acc,val_loss,val_acc
push-up_150_epoch_100_batch_size_2x30-binary-pose-2020-11-14T14_49_43.855643.txt,150,0.05256999999999999,0.98468,0.10352000000000001,0.9733700000000001
