name,epoch,loss,acc,val_loss,val_acc
plank-2020-10-14T20_35_31.899892.txt,200,0.028820000000000002,0.99631,0.027489999999999997,0.9975700000000002
