name,epoch,loss,acc,val_loss,val_acc
push-up_100_epoch_25_batch_size-binary-pose-2020-11-14T14_39_36.331696.txt,100,0.05870000000000001,0.98264,0.047920000000000004,0.9861799999999998
