name,epoch,loss,acc,val_loss,val_acc
sit-up_100_epoch_100_batch_size_2x30-binary-pose-2020-11-14T13_36_35.820736.txt,100,0.005920000000000001,0.99893,0.00484,0.9991000000000001
