name,epoch,loss,acc,val_loss,val_acc
push-up_250_epoch_100_batch_size-binary-pose-2020-11-14T15_23_47.691449.txt,250,0.08148999999999998,0.9749399999999999,0.14809,0.94564
